STATE_NAME,avg_risk_score,actual_migration_rate,high_risk_pct,n_individuals
District of Columbia,0.05259827129544732,0.05228024417700268,0.30290180034559583,4544
Alaska,0.0339735480247772,0.026458852132250712,0.1422087144963253,3009
Oregon,0.03322513181616095,0.02237928350756739,0.1444022344285481,3772
North Dakota,0.03243779821908233,0.02663765981790527,0.19885125469549975,3375
Nevada,0.028878475026779867,0.03260889469763606,0.07690656902619039,3632
Montana,0.028640141763351168,0.02458211781256129,0.1220426795359396,4446
Wyoming,0.028369231013406982,0.04369664240331388,0.12091392706309267,3426
Colorado,0.02783804224161891,0.03093570688390781,0.09510341541297622,3323
Virginia,0.02507743307424286,0.021794479839809346,0.10326459804180022,4840
Arizona,0.024022314371341533,0.03414126940247569,0.06470794006088611,4410
Washington,0.0240137482111787,0.02322232722287333,0.11637994976168595,5008
Idaho,0.02380046224691505,0.026648614329259718,0.030200892459766055,4001
Georgia,0.023733231509126776,0.015809312865738372,0.06623827053799683,6011
Nebraska,0.023073837658445093,0.028779419440035148,0.040260313807954855,3045
South Dakota,0.022725312562597664,0.013819300777761162,0.06028033260791923,2753
Arkansas,0.021517458163451776,0.01614470575173237,0.03731105312057917,4703
Hawaii,0.021157681181066194,0.0188365825788639,0.0791727151578378,4589
Utah,0.020691869906786155,0.01777002716156775,0.013349010078524964,4054
Rhode Island,0.019680256524604825,0.021922870539987323,0.0680466463409773,2279
Tennessee,0.019661969056106624,0.01623357307889477,0.04834103984562233,4964
Vermont,0.019647679291003296,0.014486485770172182,0.04459477016530496,3038
Kentucky,0.019085385103433206,0.025758262470092247,0.05077668992823646,2907
Kansas,0.019078716521970282,0.028500223688633645,0.0479344426486855,3191
New Hampshire,0.01880108481566624,0.023570463027489632,0.042221581589597296,3274
New Mexico,0.018085236239893797,0.02031262902586097,0.0344948661432581,5228
Iowa,0.017448148134083092,0.01369722776114476,0.033587771349790796,2878
North Carolina,0.017019609858524198,0.02508051284097541,0.048034571924442104,5984
Maryland,0.01690623483454994,0.01746877947963854,0.04272425477985627,3440
Oklahoma,0.01686573032454723,0.010542677413896855,0.0036075335541635076,3937
Texas,0.016538624105290032,0.013557901159327935,0.03770035257886297,16464
Florida,0.01617443539595534,0.013181372133356153,0.004766416305284604,12465
South Carolina,0.015421787438607745,0.012910757678144312,0.013968263508495084,4324
West Virginia,0.015358176514904844,0.014590889122605076,0.011428931648332693,5091
Louisiana,0.015193775158378173,0.013822066903441786,0.02359859624479967,5919
Delaware,0.015036596332535122,0.02384216183767213,0.003031571311946968,2944
Missouri,0.01482813126721824,0.018733019469983285,0.03293909483593131,3422
Connecticut,0.01423788657001035,0.021232500225434135,0.038775953055926814,2565
Indiana,0.014144120513398925,0.01528870464216051,0.00571549379814964,4114
Alabama,0.013974928338769071,0.017525579204953644,0.011080370352068589,5269
Mississippi,0.013429839701609218,0.00998473731884017,0.006260590095644732,4884
Wisconsin,0.012897267946676633,0.013212931772773641,0.017227270418264787,3269
Maine,0.01286634868648803,0.01452600061203417,0.011322717111416282,1906
Minnesota,0.012225855225872427,0.01609949777211743,0.01996630744987652,3226
Pennsylvania,0.011298176852097825,0.010143768431597878,0.006122616044488214,6627
Ohio,0.010938723638851431,0.012845556775427897,0.015441013190302897,6148
Massachusetts,0.010534164840432212,0.009971415542510178,0.030813042500385336,5302
Illinois,0.01025502590170642,0.010920823391026515,0.014185780309021472,7319
California,0.010168794074961825,0.006922411577868482,0.007746350332244245,26834
New York,0.010085251370321034,0.009411396814455155,0.022280859592570347,10960
Michigan,0.009368763054173019,0.010818008011981713,0.00592986342284578,5640
New Jersey,0.007318307160789386,0.010629916089014795,0.002270769623123671,5420
