STATE_NAME,avg_risk_score,high_risk_pct,actual_migration_rate,n_individuals
Virginia,0.6277693934457164,0.5512396694214876,0.060950413223140494,4840
Colorado,0.5620702695061026,0.41498645801986156,0.049653927174240144,3323
Wyoming,0.555759718354691,0.40338587273788673,0.05137186223000584,3426
District of Columbia,0.538486211818165,0.4055897887323944,0.04621478873239437,4544
North Dakota,0.534614219902698,0.38785185185185184,0.04533333333333334,3375
Nebraska,0.5172377673768298,0.3270935960591133,0.04367816091954023,3045
North Carolina,0.5139057839645724,0.30782085561497324,0.04361631016042781,5984
Minnesota,0.4987937348535286,0.2879727216367018,0.04122752634841909,3226
Utah,0.4960917422928463,0.30833744449926,0.036507153428712386,4054
Kansas,0.49258355273726306,0.2845502977123159,0.041052961454089626,3191
Idaho,0.4906355234331046,0.30717320669832543,0.039990002499375156,4001
Kentucky,0.4834178365319328,0.2696938424492604,0.04093567251461988,2907
Oregon,0.4809076406819739,0.28366914103923646,0.03817603393425239,3772
Washington,0.47810132392024046,0.30371405750798725,0.03654153354632588,5008
Georgia,0.4746624265375216,0.273831309266345,0.037930460821826655,6011
Montana,0.47309448378446795,0.26045883940620784,0.039361223571749884,4446
Ohio,0.4702481709947758,0.25797007156798957,0.03773584905660377,6148
Alabama,0.46620385349482735,0.26798253938128674,0.037768077434048204,5269
Iowa,0.46603840642625155,0.27241139680333565,0.03509381514940931,2878
Missouri,0.46065242258397515,0.21127995324371712,0.03652834599649328,3422
Alaska,0.4558794869241472,0.2555666334330342,0.03256895978730475,3009
South Dakota,0.4497202382065258,0.2310207046857973,0.03378132945877225,2753
South Carolina,0.4461522790965532,0.1845513413506013,0.03723404255319149,4324
Nevada,0.44421547939241385,0.2433920704845815,0.03386563876651982,3632
New Hampshire,0.44263893567397145,0.23762981062919974,0.035736102626756264,3274
Indiana,0.4379459032114075,0.17428293631502187,0.03208556149732621,4114
Rhode Island,0.4338532389940919,0.16630100921456778,0.03378674857393594,2279
Pennsylvania,0.4325671734150781,0.20899351139278707,0.03334842311754942,6627
Arkansas,0.43226889402822766,0.16181160961088667,0.03146927493089517,4703
Arizona,0.432094363221786,0.21156462585034014,0.03151927437641723,4410
Connecticut,0.43141663868314684,0.197270955165692,0.03313840155945419,2565
Texas,0.4309646230452027,0.19910106899902819,0.02945821185617104,16464
Maryland,0.4307627752146974,0.18866279069767442,0.030523255813953487,3440
Oklahoma,0.42460620148185374,0.16535433070866143,0.02921005842011684,3937
Michigan,0.4230079871889061,0.18120567375886526,0.029787234042553193,5640
Vermont,0.42077523273688316,0.18301514154048718,0.03324555628703094,3038
Illinois,0.4170078907490874,0.16354693264107117,0.028555813635742586,7319
Tennessee,0.4144886349675123,0.15834004834810636,0.029008863819500404,4964
Massachusetts,0.41077317406660263,0.14485099962278386,0.026405130139569973,5302
Louisiana,0.40245050203877225,0.11995269471194459,0.02720054063186349,5919
West Virginia,0.3933632121352977,0.11274798664309565,0.029267334511883715,5091
Mississippi,0.38688122829066957,0.052825552825552825,0.02620802620802621,4884
Florida,0.3828813760176012,0.09386281588447654,0.026073004412354592,12465
Wisconsin,0.38111150750167827,0.08473539308657081,0.024778219639033344,3269
Maine,0.37579312624105193,0.061385099685204614,0.02570828961175236,1906
Delaware,0.37168241076080083,0.044157608695652176,0.025815217391304348,2944
New York,0.3653402856568624,0.034854014598540144,0.021076642335766425,10960
California,0.3652918597381633,0.011515241857345159,0.020086457479317282,26834
New Mexico,0.36419953493414703,0.08320581484315226,0.021996939556235655,5228
New Jersey,0.33832565125816827,0.003874538745387454,0.018265682656826567,5420
Hawaii,0.30593542484496195,0.00043582479843103073,0.01656134234037917,4589
